{
    "loss": 0.6158258318901062,
    "accuracy": 0.812477707862854
}